{
    "loss": 0.6152793765068054,
    "accuracy": 0.8706896305084229
}